manu_avg_fin_track,manu_avg_fin_track_type,manu_avg_start_track,avg_fin_track,manu_track_delta,track_Atlanta,track_Auto Club,track_Bristol,track_Bristol Dirt,track_COTA,track_Charlotte,track_Charlotte Roval,track_Chicago Street Course,track_Chicagoland,track_Darlington,track_Daytona,track_Daytona Road Course,track_Dover,track_Gateway,track_Homestead,track_Indianapolis,track_Indianapolis Road Course,track_Iowa,track_Kansas,track_Kentucky,track_Las Vegas,track_Martinsville,track_Michigan,track_Nashville,track_New Hampshire,track_Phoenix,track_Pocono,track_Richmond,track_Road America,track_Sonoma,track_Talladega,track_Texas,track_Watkins Glen,track_type_intermediate,track_type_long intermediate,track_type_road course,track_type_short intermediate,track_type_short track,track_type_superspeedway,manu_Chevrolet,manu_Ford,manu_Toyota
0.2642266023119586,0.4040444827704346,0.4573314478476791,0.0,0.4900611620795107,0,0,0,0,0,0,0,0,0,0,1,0,0,0,0,0,0,0,0,0,0,0,0,0,0,0,0,0,0,0,0,0,0,0,0,0,0,0,1,0,0,1
0.1304319418261199,0.0,0.3903914631103853,0.7441448287712671,0.9126586970623668,0,0,0,0,0,0,0,0,0,0,0,0,1,0,0,0,0,0,0,0,0,0,0,0,0,0,0,0,0,0,0,0,0,0,0,0,1,0,0,0,0,1
0.4852649771577801,0.6037486203952729,0.6232904674423352,0.6088376556996575,0.4852075803910666,0,0,0,0,0,0,0,0,0,0,0,0,0,0,0,0,0,0,0,0,0,0,0,0,1,0,0,0,0,0,0,0,0,0,0,0,1,0,0,0,1,0
0.6597294096549942,0.6037486203952729,0.6011153368213347,0.7441448287712671,0.3511606894634417,0,0,0,0,0,0,0,0,0,0,0,0,1,0,0,0,0,0,0,0,0,0,0,0,0,0,0,0,0,0,0,0,0,0,0,0,1,0,0,0,1,0
0.690756040910631,0.703569108413991,0.7363537576696324,0.8791601277536216,0.3691733852284311,0,0,0,0,0,0,0,0,0,0,0,0,0,0,0,0,1,0,0,0,0,0,0,0,0,0,0,0,0,0,0,0,0,0,0,1,0,0,0,1,0,0
0.0471263065491853,0.0105552980032856,0.3410244073134457,0.6459228915666184,0.9639861921972016,0,0,0,0,0,0,0,0,0,0,0,0,0,0,0,0,0,0,0,0,0,0,0,0,0,0,0,1,0,0,0,0,0,0,0,0,0,1,0,0,0,1
0.7173804036260039,1.0000000000000004,0.7723444884374282,0.7300476260262192,0.2846932629042721,0,0,0,0,0,0,0,0,0,0,0,0,0,0,1,0,0,0,0,0,0,0,0,0,0,0,0,0,0,0,0,0,0,1,0,0,0,0,0,1,0,0
0.7921981260187112,0.6037486203952729,0.670967333234791,0.614762835371006,0.1618362524325827,0,0,0,0,0,0,0,0,0,0,0,0,0,0,0,0,0,0,0,0,0,0,0,1,0,0,0,0,0,0,0,0,0,0,0,0,1,0,0,0,1,0
0.5282493643957868,0.7959973704582199,0.925127577056542,0.8087297459457288,0.5150009266981744,0,0,0,0,0,0,0,1,0,0,0,0,0,0,0,0,0,0,0,0,0,0,0,0,0,0,0,0,0,0,0,0,0,0,0,1,0,0,0,0,1,0
0.3507387776442929,0.1952975342662246,0.5893392686105485,0.6398690725001774,0.6396186637012325,1,0,0,0,0,0,0,0,0,0,0,0,0,0,0,0,0,0,0,0,0,0,0,0,0,0,0,0,0,0,0,0,0,1,0,0,0,0,0,0,0,1
0.331125080901288,0.0,0.3825168401714636,0.6898209494090422,0.6792697618385692,0,0,0,0,0,0,0,0,0,1,0,0,0,0,0,0,0,0,0,0,0,0,0,0,0,0,0,0,0,0,0,0,0,0,0,0,1,0,0,0,0,1
0.4731322872115691,0.5756171258318061,0.4935701163502755,0.8791601277536216,0.6000370679269762,0,0,0,0,0,0,0,0,1,0,0,0,0,0,0,0,0,0,0,0,0,0,0,0,0,0,0,0,0,0,0,0,0,1,0,0,0,0,0,0,1,0
0.5710016735452335,0.703569108413991,0.6763261959376003,0.836870399814468,0.4802613288851821,0,0,0,0,0,0,1,0,0,0,0,0,0,0,0,0,0,0,0,0,0,0,0,0,0,0,0,0,0,0,0,0,0,0,0,1,0,0,0,1,0,0
0.68991005994738,0.8733592739185236,0.8177938255193942,0.7441448287712671,0.3191432675377629,0,0,0,0,0,0,0,0,0,0,0,0,1,0,0,0,0,0,0,0,0,0,0,0,0,0,0,0,0,0,0,0,0,0,0,0,1,0,0,1,0,0
0.3507387776442929,0.4040444827704346,0.5893392686105485,0.6398690725001774,0.6396186637012325,1,0,0,0,0,0,0,0,0,0,0,0,0,0,0,0,0,0,0,0,0,0,0,0,0,0,0,0,0,0,0,0,0,0,0,0,0,0,1,0,0,1
0.5226420941774024,0.543655111860176,0.6533134175203983,0.7418992907200783,0.4957487721249189,0,0,0,0,0,0,0,0,0,0,0,0,0,0,0,0,0,0,0,0,0,0,0,0,0,0,1,0,0,0,0,0,0,0,1,0,0,0,0,0,1,0
0.688042017476101,0.4888650327674733,0.8849035733075734,0.9282912799742772,0.3905801130571773,0,0,0,0,0,0,0,0,0,0,0,0,0,0,0,0,0,0,0,0,0,0,0,0,0,0,0,0,0,0,1,0,0,0,0,0,0,0,1,1,0,0
0.6716261090644944,0.7959973704582199,0.6895950371415638,0.8791601277536216,0.3894680752478918,0,0,0,0,0,0,0,0,0,0,0,0,0,0,0,0,1,0,0,0,0,0,0,0,0,0,0,0,0,0,0,0,0,0,0,1,0,0,0,0,1,0
0.1788278939448968,0.1366634525566641,0.3958052663808939,0.7040345693498828,0.8461912705031971,0,0,0,0,0,0,0,0,0,0,0,0,0,0,0,0,0,0,0,0,0,0,1,0,0,0,0,0,0,0,0,0,0,0,1,0,0,0,0,0,0,1
0.6461791106729622,0.994619848022952,0.6894794856093078,0.6270012078424907,0.3213557594291539,0,0,0,1,0,0,0,0,0,0,0,0,0,0,0,0,0,0,0,0,0,0,0,0,0,0,0,0,0,0,0,0,0,0,0,0,0,1,0,1,0,0
0.6860349971462669,0.4888650327674733,0.8120652173913041,0.6398690725001774,0.2839287369103883,1,0,0,0,0,0,0,0,0,0,0,0,0,0,0,0,0,0,0,0,0,0,0,0,0,0,0,0,0,0,0,0,0,0,0,0,0,0,1,1,0,0
0.3110742143586016,0.1952975342662246,0.4615659396737168,0.8202881517414111,0.7497451580020388,0,0,0,0,0,0,0,0,0,0,0,0,0,0,0,0,0,0,1,0,0,0,0,0,0,0,0,0,0,0,0,0,0,1,0,0,0,0,0,0,0,1
0.4794152873622856,0.467673524427203,0.6315517906148647,0.6459228915666184,0.5053980168659068,0,0,0,0,0,0,0,0,0,0,0,0,0,0,0,0,0,0,0,0,0,0,0,0,0,0,0,1,0,0,0,0,0,0,0,0,0,1,0,0,1,0
0.6349961174915058,0.703569108413991,0.625717950883713,0.6164844503409812,0.3292558613659531,0,0,0,0,0,0,0,0,0,0,0,0,0,0,0,0,0,0,0,0,0,0,0,0,0,0,0,0,0,1,0,0,0,0,0,1,0,0,0,1,0,0
0.3644580501219323,0.3381764336143127,0.5652327005511326,0.8791601277536216,0.715318320822908,0,0,0,0,0,0,0,0,0,0,0,0,0,0,0,0,1,0,0,0,0,0,0,0,0,0,0,0,0,0,0,0,0,0,0,1,0,0,0,0,0,1
0.8312632958024178,0.7959973704582199,0.6570058940600121,0.8087297459457288,0.19355249745158,0,0,0,0,0,0,0,0,0,0,0,0,0,0,0,0,0,0,0,0,0,0,0,0,0,0,0,0,1,0,0,0,0,0,0,1,0,0,0,0,1,0
